{
    "advancedEnabled":false,
    "sigmoidFunctionParameters":{
        "MaxSpawnPercentage":100,
        "QuarterPercentLevelSpreadSigmoid": 8,
        "levelToHaveHalfPercentSpawnChance":35
    },
    "defaultSpawnChances":{
        "bigmap":{
            "skier":4,
            "bossKnight": 30,
            "bossBully":30,
            "sectantPriest": 20,
            "arenaFighterEvent": 5,
            "bossPartisan": 30 
        },
        "factory4_day":{
            "bossTagilla":30
        },
        "factory4_night":{
            "bossTagilla":30,
            "sectantPriest":20
        },
        "interchange":{
            "bossKilla":30
        },
        "lighthouse":{
            "bossZryachiy":100,
            "bossKnight": 30,
            "crazyAssaultEvent":5,
            "bossPartisan": 30 
        },
        "rezervbase":{
            "bossGluhar":30
        },
        "sandbox_high":{
            "bossKolontay":30,
            "sectantPriest":44
        },
        "shoreline":{
            "peacemaker":15,
            "bossPartisan": 30,
            "bossKnight":30,
            "bossSanitar":30,
            "sectantPriest":15
        },
        "tarkovstreets":{
            "bossKolontay":30,
            "bossBoar":30,
            "bossBoarSniper":100
        },
        "woods":{
            "bossPartisan": 30,
            "bossKnight":30,
            "bossKojaniy":30,
            "sectantPriest":15,
            "arenaFighterEvent":5
        }
    }
}